Optimization Method,Runtime (seconds),Actual RMSE
SGD,48.77052593231201,1424002054.8657749
SGD with Momentum,49.94862484931946,14239929470.045788
RMSprop,40.60413146018982,137715232.46017328
ADAM,1.7926530838012695,1570.1177340514528
