Optimization Method,Runtime (seconds),Actual RMSE
SGD,49.680354833602905,1424002054.8657749
SGD with Momentum,51.916619062423706,14239929470.045788
RMSprop,41.638932943344116,137715232.46017328
ADAM,1.8513667583465576,1570.1177340514528
